id,corpus_id,incipit,cantus_id,mode,finalis,differentia,siglum,position,folio,sequence,marginalia,cao_concordances,feast_id,genre_id,office_id,source_id,melody_id,drupal_path,full_text,full_text_manuscript,volpiano,notes,dataset_name,dataset_idx
,,Alme rector astrigere Christe perditor culpe ,007040.Tp1,,,,CZ-Pn XV A 10,,040v,,,,feast_1765,genre_tp,office_v,,,,Alme rector astrigere Christe perditor culpe ,,1---h--h---7g--e---f--d--c--d---d--f---g--f--e---d--f---e--g---7h--hg--e---g--eg--d---5,,,
,,Aule rector astrigere Christus perditor culpe ,007040.Tp1,,,,CZ-HKm II A 4,,027v,,,,feast_1765,genre_tp,office_v,,,,Aule rector astrigere Christus perditor culpe ,,1---h--h---g--e---7f--d--c--d---d--e---f--g--fe---d--e---e--g---h--f--g---e--7f--d---5,,,
,,Aule rector astringe Christus proditor culpe ,007040.Tp1,,,,CZ-Pu XVII E 1,2,026r,,,,feast_1765,genre_tp,office_v,,,,Aule rector astringe Christus proditor culpe vite largitor eterne,,1---h--h---g--7e-f---d--c--d---d--e---f--g--fe---77d--e---e--g---h--f--g---e--f--d---5,,,
,,Ave spes nostra dei genetrix ,001546,8,,,D-KA Aug. LX,M,056v,,,,feast_0067,genre_a,office_v,,,,Ave spes nostra dei genetrix intacta ave illud ave per angelum accipiens ave concipiens patris splendorem benedicta ave casta sanctissima virgo solam innuptam te glorificat omnis creatura matrem luminis alleluia alleluia,,1---fgh--g---g---gh--g---g--gf---fgh--fe--d---f--gh--g---ijg-hjk--h7---f--he---fg--g---g---gf--dfedc--c---cdefghg--gf--gh--h---gj-kl--ghe-g-g---g--hk--h--g---h--g---gf--fed7--d---f--gh--g--g---gfed-efg--g---h--g---f--h--g--hg-hkjhg---ef--g---f--g---h--hk--g---g---ghg-hkjhg7--fe--fg--g---f--g---h--h--hk--g---fgh--fed---f--gh--gf---gh--h--gf--d---f--gh--h--g-g7---3,,,
,,Ave spes nostra dei genetrix intacta ,001546,,,,CZ-Pn XV A 10,,007v,,,,feast_0390,genre_a,office_v,,,,Ave spes nostra dei genetrix intacta ,,1---f-gh--g---g---gh--g---g--gf---f-gh--fe--d---f--gh--g---7hg-hk--hg---g--h-g-f-e---fgf--g---g---gf--df-e-c--c---cd-ff-ghg--fe--fgf--g---7g-hkj-kl-e-f-g--g---g--hk--hg--g---h--g---g--fe--d---f--gh--7g--g-f-e-d---e-fg--g---h--g---f--h--g--h-jk-j-h-g---ef--g---7f--g---h--hk--g---g---hg-h-jk-j-h-g--fe--fgf--g---f--g---h--7h--hk--g---f-gh--f-e-d---f-gh--g---h--h--hg--f-e-d---dh--h--g--g---4---k---k---j---k---h---g---5,,,
,,Ave spes nostra dei genitrix intacta ,001546,,,,CZ-HKm II A 4,,001v,,,,feast_0390,genre_a,office_v,,,,Ave spes nostra dei genitrix intacta ,,1---f-gh--g---g---gh--g---g--gf---f-gh--fe--d---f--gh--g---hg-7h-jk--jh---g--h-g-f-e---fgf--g---g---gf--dfec--c---cd-ff-ghg--fe--fgf--g---7g-hk-j-klg-f-gh--g---g--hk--h--h---h--g---g--fe--d---f--gh--g--77g---g-f-e-d-e-fg--g---h--g---f--h--g--h-jk-j-h-g---ef--g---f--g---7h--hk--g---g---hg-h-jk-j-h-g--fe--fgf--g---f--g---h--h--hkg---f-gh--7f-e-d---f--gh--g---h--h--hg--f-e-d---dh--h--g--g---4---k---k---j---k---h---g---5,,,
,,Ave spes nostra dei genitrix intacta ,001546,,,,CZ-Pu XIV A 19,,001r,,,,feast_0390,genre_a,office_v,,,,Ave spes nostra dei genitrix intacta ,,1---f-gh--g---g---gh--g---g--gf---f-gh--fe--d---f--gh--g---7hg-hk--h---g--gf---e-fg--g---g---gff--ddg-e-d-c--c---cd-ff-ghg--fe--7fgf--g---g-hk-j-kl-e-fg--g---g--hk--h--h---h--g---g--7fe--d---f--gh--g--g---g-f-e-d-e-fg--g---h--g---f--h--7g--hg-hhk-j-h-g---ef--g---f--g---h--hk--g---g---hg-hhk-j-h-g--77fe--fgf--g---f--g---h--h--hk--g---f-gh--f-e-d---f--gh--g---h--h--hg--f-e-d---dh--h--g--g---4---k---k---j---k---h---g---5,,,
,,Ave spes nostra dei genitrix intacta ,001546,,,,CZ-Pu XXIII A 2,,003r,,,,feast_0390,genre_a,office_v,,,,Ave spes nostra dei genitrix intacta ,,1---f-gh--g---7g---gh--g---g--gf---f-gh--fe--d---f--gh--g---hg-hk-h--g---g--h-g-f-e---fgf--7g---g---gf--df-e-d-c--c---cd-f--f-ghg--fg--g---g-hk-j-kl-f-gh-g-f-gh--7g---g--hk--h--g---h--g---g--fe--d---f--gh--g--g---g-f-e-d-7e-fg--g---h--g---f--h--g--h-jk-j-h-g-e---ef--g---f--gh---h--hk--g---7g---hg-h-jk-j-h-g--fd--fgf--g---f--g---h--h--hk--g---f-gh--f-e-d---7f--gh--g---h--h--hg--f-e-d---dh--h--g--g---4---kk--k--j--k--h--g---5,,,
,,Ave spes nostra dei genitrix*,001546,,,,CZ-PLm 504 C 004,2,009v,,,,feast_1765,genre_a,office_v,,,,Ave spes nostra dei genitrix*,,1---fgh--g---g---gh--g---g--gf---fgh--fe--d---5,,,
,,Bethleem non es minima in ,001737,4,,,CH-E 611,1.3,001r,,,,feast_0390,genre_a,office_m,,,,Bethleem non es minima in principibus Juda ex te enim exiet dux qui regat populum meum Israel ipse enim salvum faciet populum suum a peccatis eorum,,1---cd--efe--d---gf---g---fe--de--efede---c---f--g---6------6---edfe--e---d---e---ghk--h---hgf7--g--gh---gfe---f---gf--e---fg--f--f---fghgf--g---gh--gf--ed-ffe---d--e---ghk--h---h--h---hk7--gf--e---ef--g--e---fed--d---e---f--g--f---gf--ed--efee---4---h--g--h--k--g--efed---3,,,
,,Bethleem non es minima in ,001737,4,,,D-KA Aug. LX,2.,008v,,,,feast_0437,genre_a,office_m,,,,Bethleem non es minima in principibus Juda ex te enim exiet dux qui regat populum meum Israel ipse enim salvum faciet populum suum a peccatis eorum,,1---cd--efed--d--d---gf---g---fe--de--efede---c---e--g--f--g---fe--efee---d---e---gh--k---h--hgf--ggh---gfe---f---gf--e---fg--f7--ee---fghj--fg---gh--gf-ed--efe---d--e---ghk--h---h--hh---hk--gf--e---fg--f--ee---efed--d---e---f--g--f---gf--ed--efee---4---h--g--h--k--g--ed7---3,,,
,,Bethleem non es minima in ,001737,4,,,F-Pn lat. 12044,M,007v,,,,feast_1765,genre_a,office_v2,,,,Bethleem non es minima in principibus Juda ex te enim exiet dux qui regat populum meum Israel ipse enim salvum faciet populum suum a peccatis eorum,,1---cd-efe--d---ge---g---fe--de--ef-e-de---c---e--g--d--gf---ed-ffe--e---c---e---ghk--h---hgf--gh--gf---edd---f---gf--ed---f--gh--h7---hgf--g---gh--gf-hgfe--e---c--e---ghk--h---h--hg---hk--gfe--e---ef--g--f---fed--d---e---f--g--d---gf-ed-ffe--e---4---hg--gh7--h--h---3---h--g--h--jh--gfe--edd7---3,,,
,,Bethleem non es minima in ,001737,4,,,NL-Uu 406,B,015v,,,,feast_0444,genre_a,office_l,,,,Bethleem non es minima in principibus Juda ex te enim exiet dux qui regat populum meum Israel ipse enim salvum faciet populum suum a peccatis eorum,,1---df--f--fed---gf---g---fe--df--f-fed-f---d---e--g--f--g---ed-fe--e---d---e---ghk--h---hgf--g--ghg---gfe---f---gf--e7---fg--f--ed---fgghgf--g---gh--gf--e---d--e---ghk--h---h--hg---hk--gff--f---ef--g--gf---fed--d---e---f--g--f---gf-ed--ffe-e---3,,,
,,Bethleem non es minima in principibus ,001737,,,,A-VOR Cod. 259/I,,010v,,,,feast_0390,genre_a,office_p,,,,Bethleem non es minima in principibus ,,1---cd--ef-e-d--d---gf---ghg---fe--de--f-e-d-e---77c---e--g--f--ghg---edefe--e---d---e---g-hk--7h---h-g-f--g--gh---gf---e-fg---gf--ed---e-fg--7f-ed---f-gh-g-f--g---ghg--edefe--e---d--e---g-hk--h---h--hg---hk--gf--f---e-fg--f--ed---ef-e-d--7d---e---f--g--f---g--edefe--e---4---h---g---h---k---g---efd---5,,,
,,Bethleem non es minima in principibus ,001737,,,,A-VOR Cod. 259/I,,070v,,,,feast_1765,genre_a,office_v,,,,Bethleem non es minima in principibus ,,1---cd--ef-e-d--d---gf---ghg---7fe--de--f-e-de---c---e--g--f--ghg---7ed-efe--e---d---e---g-hk--h---h-g-f--g--7gh---gf---e-fg---gf--ed---e-fg--f--7ed---f-gh-g-f--g---ghg--ed-efe--7e---d--e---g-hk--h---h--hg---7hk--gf--f---e-fg--f--ed---ef-e-d--d---e---f--g--f---g--ed-efe--e---4---h---g---h---k---g---efd---5,,,
,,Bethleem non es minima in principibus ,001737,,,,CZ-HKm II A 4,,002r,,,,feast_0390,genre_a,office_v,,,,Bethleem non es minima in principibus ,,1---cd--7ef-e-d--d---gf---ghg---fe--de--ef-e-de---c---e--g--f--ghg---ed-efe--e---7d---e---g-hk--h---h-g-f--g--ghg---f---e-fg---g-f-ef--ed---e-fg--f--e---7f-gh-g-f--g---ghg--ed-efe--e---d--e---g-hk--h---h--h---hk--gf--f---e-fg--7f--e---f-e-d-c--d---e---f--g--e---g--ecfe--e---4---h---g---h---k---g---efd---5,,,
,,Bethleem non es minima in principibus ,001737,,,,CZ-Pn XV A 10,,007v,,,,feast_0390,genre_a,office_v,,,,Bethleem non es minima in principibus ,,1---cd--ef-e--d---gf---ghg---fe--de--ef-e-de---c---e--7g--f--ghg---ed-efe--d---e---g---hk--h---h-g-f--g--gf---f---e-fg---7gef--ed---e-fg--f--e---f-gh-g-f--g---ghg--ed-efe--e---d--e---g-hk--h---777h--h---hk--gf--f---e-fg--f--e---efd--d---e---f--g--e---g--ecd--e---4---h---g---h---k---g---e---5,,,
,,Bethleem non es minima in principibus ,001737,,,,CZ-Pu I D 20,4,014r,,,,feast_1765,genre_a,office_v,,,,Bethleem non es minima in principibus Iuda ex te enim exiet dux qui regat populum meum Ysrahel ipse enim salvum faciet populum suum a peccatis eorum,,1---cd--e--f-e-d---g-f---g---fe--de--ef-e-de---c---e--g--f--g---ed-efe--e---d---e---g-hk--h---h-g-f--g--gh---h-g-f---7ef---gf--e---e-fg--e--fd---f-gh-g-f--g---gh--gf--ed-efe---d--e---g-hk--h---h--hg---hk--gf--f---ef--g--e---f-e-d--d---e---f--g--f---7gf--ed-efe--e---4---h---g---h---k---gf---efd---5,,,
,,Bethleem non es minima in principibus ,001737,,,,CZ-Pu XIV A 19,,001v,,,,feast_0390,genre_a,office_v,,,,Bethleem non es minima in principibus ,,1---cd--ef-e-d--d---gf---g---fe--de--ef-e-de---c---e--g--7e--g---ed-efe--e---d---e---g-hk--h---h-g-f--g--gh---gf---f---gf--ed---7fg--f--e---f-gh-g--fg---gh--gf--ed-efe---d--e---g-hk--h---h--hf---7hk--gf--f---e-fg--f--ec---ef-e-d--d---e---f--g--f---g--edfe--e---4---h---f---h---k---gf---efd---5,,,
,,Bethleem non es minima in principibus ,001737,,,,CZ-Pu XXIII A 2,,003r,,,,feast_0390,genre_a,office_v,,,,Bethleem non es minima in principibus ,,1---cd--e--f-e-d---gf---ghg---fe--de--ef-e-de---c---e--g--7f--ghg---ed-efe--e---d---e---g--hk-h---h-g-f--g--gh---h-g-f---e-fg---g-f-ef--7ed---e-fg--f--e---f-gh-g-f--g---ghg--ed-efe--e---d--e---g-hk--77h---h--h---hk--gf--f---e-fg--f--e---f-e-d-c--d---e---f--g--ef---7g--edfe--e---4---h---g---h---k---g---efd---5,,,
,,Bethleem non es minima*,001737,,,,CZ-PLm 504 C 004,,009v,,,,feast_1765,genre_a,office_v,,,,Bethleem non es minima*,,1---cd--ef-e-dc--d---gf---7ghg---fe--de--ef-ede---5,,,
,,Bethleem non es*,001737,4,,,NL-Uu 406,5,021r,,,,feast_1202,genre_a,office_v,,,,Bethleem non es*,,1---cdf--f--fed---gf---g---4---e--g--h--h--g--h---3,,,
,,Bethleem*,001737,4?,,,CH-E 611,2.,007v,,,,feast_0437,genre_a,office_m,,,,Bethleem*,,1---cdf--f--fdc-d---3,,,
,,Bethleem*,001737,4?,,,CH-E 611,2.,010r,,,,feast_0444,genre_a,office_m,,,,Bethleem*,,1---cf-f--f-fed--d7---3,,,
,,Bethlehem non es minima in principibus ,001737,,,,CZ-Pn XII A 24,1,001v,,,,feast_0944,genre_a,,,,,Bethlehem non es minima in principibus Iuda ex te enim exiet dux qui regat populum meum Ysrahel ipse enim salvum faciet populum suum a peccatis eorum,,1---cd--ef-e-d-c--d---gf---ghg---fe--de--ef-e-de---c---e--g--f--ghg---ed-efe--e---d---7e---ghk--h---h-g-f--g--gh---gf---efg---g-f-ef--ed---def--f--fe---f-gh-g-f--g---ghg--ed-7efe--e---d--e---ghk--h---h--hg---hk--gf--f---efg--f--ed---ef-e-d-c--d---e---f--g--f---7ghg--ed-efe--e---4---h---g---h---k---g---e---5,,,
,,Constantes estote videbitis auxilium domini super ,007040a,,,,A-VOR Cod. 259/I,,071r,,,,feast_1765,genre_v,office_v,,,,Constantes estote videbitis auxilium domini super ,,1---dg--7h--g-f-e---df--egh--g---hk--h--gf--gh---77g--df--egh--df---efg--fe--dc---f--g---hfge-dec-ef---5,,,
,,Constantes estote videbitis auxilium domini super ,007040a,,,,CZ-HKm II A 4,,027v,,,,feast_1765,genre_v,office_v,,,,Constantes estote videbitis auxilium domini super ,,1---cg--g--f-e-d---7df--egh--g---hk--h--gf--gh---g--df--egh--df---e-fg--fe--dc---f--7g---hf-ge-dec-de---5,,,
,,Constantes estote videbitis auxilium domini super ,007040a,,,,CZ-PLm 504 C 004,,009v,,,,feast_1765,genre_v,office_v,,,,Constantes estote videbitis auxilium domini super ,,1---ddh--h--g-f-e---df--e-f-gh--7g---hk--h--gf--gh---g--df--efgh--df---efg--fe--d---f--g---7hfgedecde---5,,,
,,Constantes estote videbitis auxilium domini super ,007040a,,,,CZ-Pn XV A 10,,040v,,,,feast_1765,genre_v,office_v,,,,Constantes estote videbitis auxilium domini super ,,1---dh--h--g-f-e---df--e-f-gh--7g---hk--h--gf--gh---gg--df--e-f-gh--df---e-fg--fe--d---f--g---hf-ge-dec-7de---3,,,
,,Constantes estote videbitis auxilium domini super ,007040a,,,,CZ-Pu I D 20,6,014r,,,,feast_1765,genre_v,office_v,,,,Constantes estote videbitis auxilium domini super vos,,1---dh--h--gfe---df--e-f-gh--g---7hk--h--gf--gh---g--df--eg-eh--df---e-fg--fe--dc---f--g---hf-dge-dec-de---5,,,
,,Constantes estote videbitis auxilium domini super ,007040a,,,,CZ-Pu XVII E 1,1,026v,,,,feast_1765,genre_v,office_v,,,,Constantes estote videbitis auxilium domini super vos,,1---dh--h--g-f-e---df--e-gh--7g---hk--h--gf--gh---gd--fe--7gh--df-e---fg--fe--dc---f--g---7h-fge-d-e-c---3,,,
,,Constantes estote videbitis,007040a,3S,,,F-Pn lat. 12044,01,007v,,,,feast_1765,genre_v,office_v2,,,,Constantes estote videbitis auxilium domini super vos,,1---dh--hg--gfe---df--ef-gh--g---hk--h--gf--gh---gf--f--ef-ghd--de---g--fe--d7---d--fh---h--fge-dec-de---3---de---3,,,
,,Constantes estote videbitis,007040a,4S,,,A-KN 1010,01,021r,,,,feast_1765,genre_v,office_v2,,,,Constantes estote videbitis auxilium domini super vos,,1--dh-hhe-gfe--df-efgh-g--hi-h-gf-gh--gg-dfefgh-def--efg-fe-dc--f-gh--hfgedecdee,,,
,,Constantes estote videbitis,007040a,4S,,,A-Wn 1799**,01,017r,,,,feast_1202,genre_v,office_v,,,,Constantes estote videbitis auxilium domini super vos,,1---hm--lm--lkj---hk--jk-lm--l---mn--m--lk--lm---lk--k--jk-lmh--hj---l--kj--h---k--lm---m-kmj-hjg-hj---3---hj---3,,,
,,Constantes estote videbitis,007040a,4S,,,CDN-Hsmu M2149.L4,01,031v,,,,feast_1202,genre_v,office_v,,,,Constantes estote videbitis auxilium domini super vos,,1---hm--lm--lkj---hk--jklm--l---mn--m7--lk--lm---lk--k--jk-lmh--hj---l--kj--h---k--lm---mkljh-jhghj---3---hj7---3,,,
,,Constantes estote videbitis,007040a,4S,,,CH-E 611,01,017r,,,,feast_1765,genre_v,office_v2,,,,Constantes estote videbitis auxilium domini super vos,,1---dh--hg--gfe7---de--efgh--g---hj--h--gf--gh---gf--df--efghg--df---efg--fe--d---d--fh---h-fge-dfcde---3---h---hhge7---3,,,
,,Constantes estote videbitis,007040a,4S,,,D-KA Aug. LX,01,016r,,,,feast_1765,genre_v,office_v2,,,,Constantes estote videbitis auxilium domini super vos,,1---dh--h--gfe---df-e--gh--g---hk--h--gf--gh---g--df-e--gh7--df---efg--fe--d---f--g---hf-ge-dec-dee---3---6------6---3,,,
,,Constantes estote videbitis,007040a,4S,,,D-KNd 1161,01,017v,,,,feast_1202,genre_v,office_v,,,,Constantes estote videbitis auxilium domini super vos,,1---hm--lm--lkj---hk--jk-lm--l---mn--m--lk--lm---lk--k--jk-lmh--hj---l7--kj--h---k--l---m-klj-hjg-hj---4---hj---3,,,
,,Constantes estote videbitis,007040a,4S,,,F-Pn lat. 15181,01,140r,,,,feast_1765,genre_v,office_m,,,,Constantes estote videbitis auxilium domini super vos,,1---dh--h--gfe---df--ef-gh--g7---hk--h--gf--gh---gf--df--ef-ghd--df---g--fed7--d---d--f---h--fge-dec-de---3---de---3,,,
,,Constantes estote videbitis,007040a,4S,,,NL-Uu 406,01,021r,,,,feast_1202,genre_v,office_v,,,,Constantes estote videbitis auxilium domini super vos,,1---dh--hg--gfef---df--effg-h--g---hk--h--gf--gh---gf--df--effgh--dddf---effgf--fe--d---d--fh---h-fge-dfc-dde---3---de---g--e---3,,,
,,Constantes estote videbitis,007040a,4S,,,PL-WRu R 503,01,015r,,,,feast_1202,genre_v,office_v,,,,Constantes estote videbitis auxilium domini super vos,,1---dh--h--gfe---df--ef-gh--g---hk--h--gf--gh---,,,
,,Cum esset desponsata mater Iesu Maria ,002000,,,,CZ-Pu XVII E 1,1,028r,,,,feast_1765,genre_a,office_v,,,,Cum esset desponsata mater Iesu Maria Ioseph antequam convenirent inventa est in utero quoque habens enim in ea natum est de spiritu sancto est alleluia,,1---g---g-f-e--d-7e-fg---g--g--hg--f---g--h---kj--7hg---h--h--hg---fg--g---g--gkj--77hj---jh--hk--gh-g-f--f---f--7g--h---h-jkj-h---g---ghg--7fe--fgf---g---g--gf---f--e---7d---f--f-gh-g---h-g-f--g---h---7h---h--g--h-j-k-j-h-g---ef--7g---h-jk-j-h-g---ef--g--g--g---5,,,
,,Cum esset desponsata mater Ihesu Maria ,002000,,,,A-VOR Cod. 259/I,,071v,,,,feast_1765,genre_a,office_v,,,,Cum esset desponsata mater Ihesu Maria ,,1---g---7g-f-e-d--e-fg---g--g--hg--f---g--h---kj--7hg---h--h--hg---fg--g---g--gkj--kl---lk--7hkg--ghgf--f---f--g--h---h-jkj---h---ghg--7fe--fg---g--g---g---gg-f-e-d--f---f---7gh--g---h-g-f--gh---h---h---h--g--h-jk-j-h-g---e--fg---7h-jk-j-h-g---e--fg--g--g---4---k---k---kj---k---k---hg---5,,,
,,Cum esset desponsata mater Ihesu Maria ,002000,,,,CZ-HKm II A 4,,027v,,,,feast_1765,genre_a,office_v,,,,Cum esset desponsata mater Ihesu Maria ,,1---g---gg-f-e-d--e-fg---g--g--hg--f---g--h---kj--hg---h--77h--hg---fg--g---g--gkj--kl---lk--hk--gh-g-f--f---f--g--h---7h-jkj---h---ghg--fe--fgf---g--g---g---gg-f-e-d--f---f---gh--g---7h-g-f--g---h---h---h--g--h-jk-j-h-g---e--fg---h-jk-j-h-g---e--fg--g--g---4---k---k---j---k---h---g---5,,,
,,Cum esset desponsata mater Ihesu Maria ,002000,,,,CZ-PLm 504 C 004,,009v,,,,feast_1765,genre_a,office_v,,,,Cum esset desponsata mater Ihesu Maria ,,1---g---g-f-e-d--efg---7g--g--hg--f---g--h---kj--hg---h--h--hg---fg--g---5,,,
,,Cum esset desponsata mater Ihesu Maria ,002000,,,,CZ-Pn XII A 24,3,028v,,,,feast_1765,genre_a,office_l,,,,Cum esset desponsata mater Ihesu Maria Ioseph antequam convenirent inventa est in utero habens quod enim in ea natum est de spiritu sancto est alleluia,,1---g---gfd--7e-fg---g--g--hg--f---g--h---kj--hg---g--h--hg---fg--g---7g--gk--kl---lk--h-jk--gh-g-f--f---f--g--h---h-jk---h---ghg--7fe--fg---g--g---g---gfd--f---fg---gh--g---h-g-f--g---h---7h---h--g--h-jk-j-h---gg--gh---hj-h-ghg---ff--fg--g--g---5,,,
,,Cum esset desponsata mater Ihesu Maria ,002000,,,,CZ-Pn XV A 10,,040v,,,,feast_1765,genre_a,office_v,,,,Cum esset desponsata mater Ihesu Maria ,,1---g---gg-f-d--e-fg---g--g--hg--f---g--h---kj--hg---h--7h--hhg---fg--g---g--gkj--kl---lk--hk--gh-g-f--f---f--g--h---7hkj---h---ghg--fe--fgf---g--g---g---gf-e--d---f---f-gh--g---h-g-f--g---h---7h---h--g--gk-j-h-g---e--fg---hk-j-h---e--fg--g--g---4---k---k---j---k---h---g---5,,,
,,Cum esset desponsata mater Ihesu Maria ,002000,,,,CZ-Pu I D 20,11,014r,,,,feast_1765,genre_a,office_v,,,,Cum esset desponsata mater Ihesu Maria Yoseph antequam convenirent inventa est in utero habens quod enim in ea natum est de spiritu sancto est alleluia,,1---g---g--gfed-e-fg---g--g--hg--f---g--h---kj--7hg---gh--h--hg---fg--g---g--gkj--k---lk--hkg--gh-g-f--f---f--g--h---h-jkj---h---ghg--fe--fgf---g--g---g---g-f-e-d--7fe---fg---gh--g---g-h-g-f--g---h---h---h--g--h-jk-j-h-g---gh--gh---hk-j-h-g-fhg---e--fg--g--g---5,,,
,,Cum esset desponsata mater,002000,8,,,A-Wn 1799**,M,017r,,,,feast_1202,genre_a,office_v,,,,Cum esset desponsata mater Jesu Maria Joseph antequam convenirent inventa est in utero habens quod enim in ea natum est de spiritu sancto est alleluia,,1---g---ge-fd--efg---g7--gh--hg--f---g--hk---kkj--hg---h--h--hg---fg--g---f--hk--kl---lk-kj--hk-kj--ghgf--f---g--hk--k---kj7---h---ghg--fe--fg---g--g---g---gfd--e---fg---h--g---hhgf--gh---h---h---h--g--hk-kj---h--hg---hjhg-hg---fe--fg--g--g7---4---k--k--j--k--h--g---3,,,
,,Cum esset desponsata mater,002000,8,,,CDN-Hsmu M2149.L4,M,032r,,,,feast_1202,genre_a,office_v,,,,Cum esset desponsata mater Jesu Maria Joseph antequam convenirent inventa est in utero habens quod enim in ea natum est de spiritu sancto est alleluia,,1---g---gfefd--efg---g--gh--hhg--f7---g--hk---kkj--hg---h--h--hhg---fg--g---f--hk--kl---lk-kj--hk-kj7--ghgf--f---g--hk--k---kj---h---ghg--fe--fg---g--g---g7---gfd--e---fg---gh--g---hhgf--gh---h---h---h--g--hk-kj---h--hg77---hjhg-hg---fe--fg--g--g---4---k--k--j--k--h--g7---5,,,
,,Cum esset desponsata mater,002000,8,,,CH-E 611,1M,017r,,,,feast_1765,genre_a,office_v2,,,,Cum esset desponsata mater Jesu Maria Joseph antequam convenirent inventa est in utero habens quod enim in ea natum est de spiritu sancto est alleluia,,1---g---gfd--efg---g--g--hg--f---g--h---kj--hg---h--h--hg---fg--g---g--gk--klk7---lkk--hkj--ghgf--f---f--g--h---hjkj---h---ghgf--fe--fgf---g--g---g---gfd--e---f---gh--g---ghgf--g7---h---h---h--g--hjkjhg---g--gh---hkhg-hg---e--fg--g--g---4---k--k--j--k--h--g---5,,,
,,Cum esset desponsata mater,002000,8,,,D-KA Aug. LX,M,016r,,,,feast_1765,genre_a,office_v2,,,,Cum esset desponsata mater Jesu Maria Joseph antequam convenirent inventa est in utero habens quod enim in ea natum est de spiritu sancto est alleluia,,1---g---gfd--efg---g--g--hg--f---g--h---kj--hg---h--h--hg---fg--g---g--gkj--kl77---lkkj--hkj--ghgf--f---f--g--h---hkj---h---ghg--fe--fgf---g--g---g---gfd--f---f---gh--g---ghgf--g---h---h---h--g--hk-kjhg---f--gh---hjkhg---e--fg--g--g7---4,,,
,,Cum esset desponsata mater,002000,8,,,D-KNd 1161,M,017v,,,,feast_1202,genre_a,office_v,,,,Cum esset desponsata mater Jesu Maria Joseph antequam convenirent inventa est in utero habens quod enim in ea natum est de spiritu sancto est alleluia,,1---g7---ge-fd--efg---g--gh--hhg--f---g--hk---kkj--hg---3---h--h--hg---fg--g---f--hk--kl---lk-kj7--hkkj--ghgf--f---g--hk--k---kj---h---ghg--fe--fg---g--g---g---gfd--e---f---gh--g---hhgf--gh---h7---h---h--g--hk-kj---h--hg---hjhg-hg---fe--fg--g--g---4---k--k--j--k--h--g7---3,,,
,,Cum esset desponsata mater,002000,8,,,F-Pn lat. 12044,B,007r,,,,feast_1765,genre_a,office_l,,,,Cum esset desponsata mater Jesu Maria Joseph antequam convenirent inventa est in utero habens quod enim in ea natum est de spiritu sancto est alleluia,,1---g---gf-fd--efg---g--gh--hg--f---f--hk---kj--h---h--h--hg---fg--g---f--hk--kl---lkk--hkj--ghgf--f---f--gh--h---hk-kj7---h---ghg--fe--fgf---g--g---g---gf-fd--dfe---fg---ghg--g---hijhg--fg---g---h---h--g--hkij---h--gh---hijhghg---fe--fg--g--g---4---g--h--gk--k7---3---k--k--j--k--h--g---3,,,
,,Cum esset desponsata mater,002000,8,,,F-Pn lat. 15181,B,140v,,,,feast_1765,genre_a,office_l,,,,Cum esset desponsata mater Jesu Maria Joseph antequam convenirent inventa est in utero habens quod enim in ea natum est de spiritu sancto est alleluia,,1---g---gfd--efg---g--gh--hg--f---f7--hk---kj--hg---h--h--hg---fg--g---f--hk7--kl---kj--hk-kg--hgf--f---f--gh--hg---hk-kj7---h---hg--fe--fgf---g--g---g---gfd--fe---fg7---g--gh---hijhgf--gh---h---h---h--g--hkjhg---g--gh7---hjhg-hg---fe--fg--g--g---4---k--k--j--k--h--g---3---g--h--gk7---3,,,
,,Cum esset desponsata mater,002000,8,,,NL-Uu 406,M,021r,,,,feast_1202,genre_a,office_v,,,,Cum esset desponsata mater Jesu Maria Joseph antequam convenirent inventa est in utero habens quod enim in ea natum est de spiritu sancto est alleluia,,1---g---gfd--efg---g--gh7--hg--f---g--hg---gkkj--hg---h--hg--hg---fg--g---g--hhhk--kl---lkk--hk--ghgf--f---f--gh--hg---gkkj---h---ghgf--e--fgf---g--g---g---gfd--dfe---fg7---gh--g---ghgf--gh---h---h---h--g--gkjhg---g--gh---hkhg-hg---e--fg--g--g---4,,,
,,Dum ortus fuerit sol de celo ,002642,,,,CZ-Pu I D 20,2,014r,,,,feast_1765,genre_a,office_v,,,,Dum ortus fuerit sol de celo videbitis regem regum procedentem a patre tamquam sponsum de thalamo suo,,1---gd---f-gh--g---gh--g--g---h---g---h--g---f--h--7g--f---g--h---h-jkg--g---f--gh--h--gh-g-f---hg-hijh---g--g---g--g---fe--f---c---ff--gh--h---g--g---4---kkk---j---k---h---g---5,,,
,,Et ambulabunt gentes in lumine tuo ,006882a,,,,CZ-Pu XVII E 1,2,027v,,,,feast_1765,genre_v,office_v,,,,Et ambulabunt gentes in lumine tuo et reges in splendore ortus tui,,1---k---k--k--k--klk-kh-77jh---kl--k---k---kh--hl--hk---7kj-klkl--lj---f---h--k---k---7k--kl--k---kh--kl---kj-klk-7hj--jh---5,,,
,,Gaude et laetare Jerusalem,201896,8,,,NL-Uu 406,3,020v,,,,feast_1202,genre_a,office_v,,,,Gaude et laetare Jerusalem ecce rex tuus venit de quo prophetae praedixerunt quem angeli adoraverunt quem cherubim et seraphim sanctus sanctus sanctus proclamant,,1---gd--fg---g---g--gh--g---gf--fgh--fed--dddf---c--d---f---fg--g---h--gf---f---hg---gk--kkj--hg---fe--fgf77--g--g---g---gh--h--h---h-hg--fe--fgf--g--g---f---g--f--g---h---k--k--jkhg---hkg--h---hg--hg---fec--f---gh--h--g7---4---g--h---k--k--k---3,,,
,,Gaude et laetare*,201896,,,,CZ-PLm 504 C 004,,009v,,,,,genre_a,office_v,,,,Gaude et laetare*,,1---gf--f---f---f--gh--g---5,,,
,,Gaude et laetare*,201896,8,,,NL-Uu 406,N,021v,,,,feast_1202,genre_a,office_c,,,,Gaude et laetare*,,1---gd--fg---g---g--gh--g7---3,,,
,,Gaude et letare Ierusalem ecce rex ,201896,,,,CZ-Pn XV A 10,,007r,,,,feast_0390,genre_a,office_v,,,,Gaude et letare Ierusalem ecce rex ,,1---hg--g---g---7f--gh--g---gf--7f-gh--f-e-d--df---7c--d---e---7fg--g---h--gf--f---f---hg---hk--kj--hg---fe--fgf--g--g---7g---g--g--gh---hg--fe--fgf--g--g---g--g---g--f--g---h---k--7k--jk-j-h-g---g-hk--h---h--hg---f--f---gh--h--7g---4---k---k---j---k---h---g---5,,,
,,Gaude et letare Ierusalem ecce rex ,201896,,,,CZ-Pu I D 20,3,014r,,,,feast_1765,genre_a,office_v,,,,Gaude et letare Ierusalem ecce rex tuus venit de quo prophetae predixerunt quem angeli adoraverunt quem cherubim et seraphim sanctus sanctus sanctus proclamant,,1---gd--fg---g---g--gh--g---gf--g-h-j--f-e-d--df---c--d---e---fg--g---h--gf---h---hg---hj--kj--hg---fe--fgf--g--g---g---7g--f--gh---hg--fe--fgf--g--g---g---g--f--g---h---k--k--jk-j-h-g---g-h-k--h---h--hg---f--f---gh--h--g---4---k---kk---j---k---h---g---5,,,
,,Gaude et letare Iherusalem ecce rex ,201896,,,,A-VOR Cod. 259/I,,070r,,,,feast_1765,genre_a,office_v,,,,Gaude et letare Iherusalem ecce rex ,,1---g-f-e--f---f---7f--gh--g---gf--f-gh--f-e-d--df---c--d---7e---fg--g---h--gf--f---f---hg---hk--7kj--hg---fe--fgf--g--g---g---g--g--gh---hg--fe--fgf--g--g---f--f---7g--f--g---h---k--k--jk-j-h-g---g-hk--h---h--hg---f--f---gh--h--g---4---k---k---j---k---h---g---5,,,
,,Gaude et letare Iherusalem ecce rex ,201896,,,,CZ-HKm II A 4,,001r,,,,feast_0390,genre_a,office_v,,,,Gaude et letare Iherusalem ecce rex ,,1---gf--f---f---f--7gh--g---gf--f-gh--7f-e-d--df---c--d---7f---fg--g---h--7gf--f---f---hg---7hk--kj--hg---fe--fgf--g--g---g---g--g--gh---hg--fe--fgf--g--g---g--g---7g--f--g---h---k--k--jk-h-g---g-hk--h---h--hg---f--f---gh--h--g---5,,,
,,Gaude et letare Iherusalem ecce rex ,201896,,,,CZ-Pu XIV A 19,,001r,,,,feast_0390,genre_a,office_v,,,,Gaude et letare Iherusalem ecce rex ,,1---gge--7f---7f---f--gh--g---7gf--f--gh-f-e-d--7df---c--d---7e---fg--g---h--gf--f---f---hg---hk--kj--hg---fe--7fgf--g--g---g---g--g--gh---hg--fe--fgf--g--g---7f--f---g--f--g---h---k--k--jk-j-h-g---g-hk-k--h---7h--hg---ffd--f---gh--h--g---4---k---k---j---k---h---g---5,,,
,,Gaude et letare Iherusalem ecce rex ,201896,,,,CZ-Pu XXIII A 2,,002r,,,,feast_0390,genre_a,office_v,,,,Gaude et letare Iherusalem ecce rex ,,1---gf--f---f---f--gh--g---g--f--f-gh--f-e-d--d-f---c--d---f---7fg--g---h--gf--f---f---hg---hk--kj--hg---fe--fgf--g--g---g---7g--g--gh---hg--fe--fgf--g--g---g--g---g--f--g---h---k--k--jkhhg---7g-hk--h---h--hg---f--f---gh--h--g---4---kkk--j--k--hg---4,,,
,,Gaude et letare Iherusalem quia rex ,201896,,,,CZ-Pn XII A 24,6,029r,,,,feast_1765,genre_a,office_v,,,,Gaude et letare Iherusalem quia rex tuus venit de quo prophete predixerunt quem angeli adoraverunt cui cherubyn et seraphyn sanctus sanctus sanctus proclamant,,1---gg--f---g---7g--gh--g---gf--f-gh--f-e-d--df---c--d---e---fg--g---h--gf---7g---hg---hk--kj--hg---fe--fg--g--g---g---g--g--gh---7hg--fe--fgf--g--g---g--g---g--f--g----h---k--k--jkhg---g-hkk--7h---h--hg---ff--f---gh--h--g---5,,,
,,Gloria patri et filio et ,007040b,,,,US-HA Rauner Codex MS 003203,02,070v,,,,feast_0227,genre_v,office_m,,,,Gloria patri et filio et spiritui sancto,,1---k--k-j--k-l-k-j-h-g-h-h-g---j-h77--j-k---h-j---g--g-h-j-h--h-g---g---g7--h-j-h-g-h-j-h--g-f--g-h---h-k-k-l-k-j-h7--h-j-h-g-h-g---3---j-k-l-j---4,,,
,,Gloria patri et filio et ,007040b,1,,,"CH-ROM FiD 1, flyleaves (fragment)",02,002v,,,,feast_0212,genre_v,office_m,,,,Gloria patri et filio et spiritui sancto,,h--gh--gfe-ed---gh--h---hkl---lh-kjhg-gf--gh--h---h---h--hgfee--d--efd---cd--d---|---hhkgfed---d--fdfgh--dffd--d---,,,
,,Gloria patri et filio et ,007040b,1,,,"F-Pnm NAL 2444, ff.53-55 (fragment)",02,055v,,,,feast_0983,genre_v,office_m,,,,Gloria patri et filio et spiritui sancto,,h--h--hghggf---hf--gh---gh---h--hjh--h---h---h7--hghg--gf--fgh---hgfegh--gf---|---e---g--h---h--hk---,,,
,,Gloria patri et filio et ,007040b,1,,,CDN-Private-uhiz,02,001v,,,,feast_0493,genre_v,office_v,,,,Gloria patri et filio et spiritui sancto,,gkhg-hjg-fgh-kkhg-hjgf-ghfd-efdc-df-fg-hjkjh--gh--gf---gh--h---hjkj---gh--hjh--h---h---h--hghg--ge--fg---gf-fed--dfdc-dfgf---|---cd---fgfed---,,,
,,Gloria patri et filio et ,007040b,1,,,F-Pnm Lat.11411 ff.37-38 (fragment),02,037r,,,,feast_1194,genre_v,office_m,,,,Gloria patri et filio et spiritui sancto,,dh-hj--hgf-gfed--cd---fg--h---hg---hhgf--g--h---f---gf--ghf--ed--c---cdf-fgh-hfgfed--cdc---,,,
,,Gloria patri et filio et ,007040b,2,,,USA-Phpc D-0zgch (fragment),02,001v,,,,feast_0445,genre_v,office_v,,,,Gloria patri et filio et spiritui sancto,,cdf--fg--f---fe--fg---ef---d--defe--ed---d---d7--defedc--d--fefgf---fede--d-dc---|---cd---,,,
,,Gloria patri et filio et ,007040b,4,,,F-Pnm NAL 2482 ff. 7-16 (fragment),02,016r,,,,feast_1125,genre_v,office_m,,,,Gloria patri et filio et spiritui sancto,,h--gh--gf-fghg-hgfe---dhf--h---h---h--fhd--fh---hd---f--f--gh--gf---ef--ed---,,,
,,Gloria patri et filio et ,007040b,7,,,"CH-ROM FiD 1, flyleaves (fragment)",02,002r,,,,feast_0212,genre_v,office_m,,,,Gloria patri et filio et spiritui sancto,,hk--kj--jg---jh--jk---hj---g--ghjh--hg---f---h7--k--j--h---klk-ljk-hgfg--gh-hg---|---gffd-ed-dc---,,,
,,Gloria patri et filio et spiritui ,007040b,,,,CZ-Pu I D 20,7,014r,,,,feast_1765,genre_v,office_v,,,,Gloria patri et filio et spiritui sancto,,1---dh--h--g-f-e---df--ghg---hk---h--gf--gh---g---7df--efg--fe--d---fg--hf-egf-dec-de---5,,,
,,Hodie scietis,001084,,,,CH-SG 545,1,044rv,,,,feast_1202,genre_i,office_m,,,,Hodie scietis quia veniet dominus et mane videbitis gloriam eius.,,1--df--f--f---f--f--f--f--f--f--fd--df--g--gf--ghgh--g,,,
,,Illuminare illuminare Ierusalem venit lux tua ,006882,,,,CZ-Pu XVII E 1,1,026v,,,,feast_1765,genre_r,office_v,,,,Illuminare illuminare Ierusalem venit lux tua et gloria domini super te orta est,,1---f--f--77gh--h-g-ffg--gf---f--f--gh--h-7kl-k-j-klkl--lk---kl--l-7k-j-h-g--h-jkhj--jh---kh-kgh-7g-fg-f-h-kl--kj---ln---lk--7klk-khjh---k---lk--ln--nk-7kh---kh-jk--g-hj-h-g-fg--gf---77f--f---h---f--f-gh-g-fg---gf---5,,,
,,Iudea et Hierusalem nolite timere cras ,003511,,,,CZ-OLu M IV 6,,010v,,,,feast_1765,genre_a,office_l,,,,Iudea et Hierusalem nolite timere cras ,,1---g--g--gd---e---f--gh--h--g---g--g--hj---gh--hg--f---7kkj---hg--l--k--j--hg--g---g---gh--fe--d---ef--fh---h--g--gd---7f--h--g--g---4---k---k---j---k---h---g---5,,,
,,Iudea et Hierusalem nolite timere cras ,003511,,,,CZ-Pu I D 20,12,013r,,,,feast_1765,genre_a,office_l,,,,Iudea et Hierusalem nolite timere cras egrediemini et dominus erit vobiscum alleluia,,1---g--g--g-f-e-d---f---f--gh--h--g---g--g--hk---g77---6-----6---6-----6---6------6---6---------6---6-----6---6-------6---6------6---6--------6---6--------6---5,,,
,,Iudea et Ierusalem nolite timere cras ,003511,,,,CZ-Pn XV A 10,,040v,,,,feast_1765,genre_a,office_v,,,,Iudea et Ierusalem nolite timere cras ,,1---g--g--g-f-e-d---f---f--gh--h--g---g--g--hk---g--gh-g-f--f---kj---7h--hk--j--k--hg--g---g---gh--fe--d---f--gh---h--g--g-f-e-d---e--fg--g--g---5,,,
,,Iudea et Ierusalem nolite timere cras ,605019,,,,CZ-Pu I D 20,5,014r,,,,feast_1765,genre_r,office_v,,,,Iudea et Ierusalem nolite timere cras egrediemini et dominus erit vobiscum,,1---fe--df--f---f---f--fe--df--e-f-ghd-efe---d-ef--g-f-e--de-ce-fg---f--ghghe--fe---d-ef---g--fe--dh--hk--h--h---7h---h-g-e-f-e-d-f-gh--gh--h---h-g-e-f-d-cd-de-fg-f-e-de-egh-g-h-g-f-g-f-e-d-h-g-fg--g-f-e---df--egf-eg--gf---5,,,
,,Iudea et Ierusalem nolite timere cras ,605019,,,,CZ-Pu XVII E 1,1,026r,,,,feast_1765,genre_r,office_v,,,,Iudea et Ierusalem nolite timere cras egrediemini et dominus erit vobiscum,,1---fe--de--e---e---e--fe--7df--e-ghd-fe---ce--ggfe-7de--c-e-fg---f--ghgh--fe---de---7g--fe--dh--hk--h--h---h---hg-7ef-e-d-f-gh--gh--h---77h-7g-fg--fe---df--egef--fe---5,,,
,,Iudea et Iherusalem nolite timere cras ,003511,,,,A-VOR Cod. 259/I,,069r,,,,feast_1765,genre_a,office_v,,,,Iudea et Iherusalem nolite timere cras ,,1---g--g--g-f-e-d---f---f--gh--h--g---g--g--7hk---g--gh-g-f--f---kh---g--hl--j--kj--hg--7g---g---gh--gf--d---f--gh---h--g--g-f-e-d---7e--fg--g--g---4---k---k---j---k---h---g---5,,,
,,Iudea et Iherusalem nolite timere cras ,003511,,,,CZ-HKm II A 4,,027r,,,,feast_1765,genre_a,office_v,,,,Iudea et Iherusalem nolite timere cras ,,1---g--g--g-f-e-d---f---f--gh--h--g---g--g--hk---g--h-g-f--7f---kj---h--hl--j--kj--hg--g---g---gh--fe--d---f--gh---7h--g--gg-f-e-d---e--fg--g--g---4---k---k---j---k---h---g---5,,,
,,Iudea et Iherusalem nolite timere cras ,003511,,,,CZ-Pu XVII E 1,1,025v,,,,feast_1765,genre_a,office_v,,,,Iudea et Iherusalem nolite timere cras egrediemini et dominus erit vobiscum alleluia,,1---g--g--g-f-e-d---f---f--gh--7h--g---g--g--hk---g--h-g-f--f---7kj---h--hl--j--kj--hg--g---g---7gh--fe--d---f--gh---h--g--g-f-e7d---e--fg--g--g---5,,,
,,Iudea et Iherusalem nolite timere cras ,605019,,,,A-VOR Cod. 259/I,,071r,,,,feast_1765,genre_r,office_v,,,,Iudea et Iherusalem nolite timere cras ,,1---fe--de--e---7e---e--fe--df--eghd-fe---ce--g-f-e--de-ce-fg---f--7ghgh--fe---3de---g--fe--dh--hk--h--h---h---h-g-e-7f-e-d-f-gh--gh--h---h-g-ef-d-cd-dfg-f-e-de-eghf-7gefe-h-g-f--g---df--fhf-g--gf---5,,,
,,Iudea et Iherusalem nolite timere cras ,605019,,,,CZ-HKm II A 4,,027v,,,,feast_1765,genre_r,office_v,,,,Iudea et Iherusalem nolite timere cras ,,1---fe--de--e---e---e--fe--7df--eg-hdfe---ce-g--g-f-e-dec--e-f-g---f--ghgh--fe---de---g--fe--7dh--hk--h--h---h---hg-ef-e-d-f-gh--gh--hh---7g-f-ef--ed---ce--dfde--ed---5,,,
,,Judaea et Jerusalem nolite timere cras ,605019,,,,CZ-Pn XV A 10,,040v,,,,feast_1765,genre_r,office_v,,,,Judaea et Jerusalem nolite timere cras ,,1---fe--de--e---f---f--fe--df--e-f-ghdfe---ce--gfe--de-ce-fg---f--ghgh--fe---de---7g--fe--dh--hk--h--h---h---hg-ef-e-d-f--gh-gh--h---hh-g-e-f-d-cd-df-g-f-e-df-f-g-hf-7g-f-e-d-hfg--gf---df--egef--fe---5,,,
,,Judaea et Jerusalem nolite,003511,*,,,I-Ac 693,1,015v,,,,feast_1765,genre_a,office_l,,,,Judaea et Jerusalem nolite timere cras egrediemini et dominus erit vobiscum alleluia,,1---6------6---3,,,
,,Judaea et Jerusalem nolite,003511,8,,,CH-E 611,1,016v,,,,feast_1765,genre_a,office_v2,,,,Judaea et Jerusalem nolite timere cras egrediemini et dominus erit vobiscum alleluia,,1---g--g--gfed---f---f--gh--h--g---g--g--hk---g--ghgf--f---kj---h--hl--j--k--h--g---g---gh--fe--d7---ef--gh---h--g--gfed---e--fg--g--g---4---k--k--j--k--h--g---3,,,
,,Judaea et Jerusalem nolite,003511,8,,,CH-Fco 2,1,023v,,,,feast_1765,genre_a,office_l,,,,Judaea et Jerusalem nolite timere cras egrediemini et dominus erit vobiscum alleluia,,1---g--g--gd---e---f--fh--h--g---g--g--hj7---gh--hg--f---kkj---h--l--k--j--hg--g---g---gh--fe--d---ef--fh---h--g--gfd---h--hj--j--j77---4---g--h--k--k--k---3---k--k--j--k--h--g---3,,,
,,Judaea et Jerusalem nolite,003511,8,,,D-KA Aug. LX,1,015v,,,,feast_1765,genre_a,office_l,,,,Judaea et Jerusalem nolite timere cras egrediemini et dominus erit vobiscum alleluia,,1---g--g--gfd---e---f--gh--h--g---g--g--hk---g--ghgf--f---kj---h--hk--j--k--hg--g---g---gh--fe--d---ef--gh---h--g--gfd---e--fg--g--g7---4,,,
,,Judaea et Jerusalem nolite,003511,8,,,F-Pn lat. 12044,1,006v,,,,feast_1765,genre_a,office_l,,,,Judaea et Jerusalem nolite timere cras egrediemini et dominus erit vobiscum alleluia,,1---g--g--d---e---h--gh--h--g---g--g--hj---g--hg--f---k--kj---h--hl--k--jk--hg--g---g---gh--fe--d7---6------6---fe--fg--g--g---4---k--k--j--k--h--g---3,,,
,,Judaea et Jerusalem nolite,003511,8,,,F-Pn lat. 15181,1,140r,,,,feast_1765,genre_a,office_l,,,,Judaea et Jerusalem nolite timere cras egrediemini et dominus erit vobiscum alleluia,,1---g--g--gfd---e---f--gh--hg--g---g--g--hj---g7--hg--f---kkj---h--hl--k--kj--hg--g---g7---gh--fe--d---f--gh---h--g--gfd---fe--fg--g--g7---4---k--k--j--k--h--g---3,,,
,,Judaea et Jerusalem nolite,003511,8,,,NL-Uu 406,1,020v,,,,feast_1765,genre_a,office_l,,,,Judaea et Jerusalem nolite timere cras egrediemini et dominus erit vobiscum alleluia,,1---g--g--gfd---e---f--gh--h--g---g--g--hk---g--ghgf--f---kkj---h--hl--k--kk--hg--g---g---gh--fe--d---ef--gh---h--g--gfd---6------6---4,,,
,,Judaea et Jerusalem nolite,003511,Gc,,,I-Rvat SP B.79,1,024v,,,,feast_1765,genre_a,office_l,,,,Judaea et Jerusalem nolite timere cras egrediemini et dominus erit vobiscum,,1---g--ghg--g---h---f--h--jh--gh---h--g--h---g--fgf--f---kl---k--klk--jh--kj--hg--g---g---h--g--f---d--f7---h--gf--g---4---g--h--k---3---k--k--jh--kj--hg--g---3,,,
,,Judaea et Jerusalem nolite,605019,3,,,F-Pn lat. 12044,,007v,,,,feast_1765,genre_r,office_v2,,,,Judaea et Jerusalem nolite timere cras egrediemini et dominus erit vobiscum,,1---f--dff--f---f---f--fe--de--e-ghd-ffe---ce--ge-fede--ceg---f--fh-hgh--e---3---de---g--f--h--hij--h--h---3---hg---hhge-fed-fgh--gh--h---hhgf-gfedcd7-dfgfede-eg-hhg-hgf-gfed-hhfg--gf---df--egff--fe---4,,,
,,Judaea et Jerusalem nolite,605019,4,,,CH-E 611,,017r,,,,feast_1765,genre_r,office_v2,,,,Judaea et Jerusalem nolite timere cras egrediemini et dominus erit vobiscum,,1---fe--de--e7---e---e--fe--de--eg-hd-fe---de--gf-fe--de-ceg---f--ghgh--fe---de---g--e--eh--hk--h--h---3---hg---hhge-fed-fgh7--gh--h---hhge-fdcd-defgfede-egh-hg-hgf-gfed-hhfg--gf---df--ef-gfg--fe---4,,,
,,Judaea et Jerusalem nolite,605019,4,,,D-KA Aug. LX,,016r,,,,feast_1765,genre_r,office_v2,,,,Judaea et Jerusalem nolite timere cras egrediemini et dominus erit vobiscum,,1---fe--de--e---e---e--fe--df--eg-hd-efe---ce--gfede--ceg---f--ghgh--fe---3---de---g--e--eh--hk--h--h---hhg---hhgefed-fgh-gh--gh--hh7---hhgefdcd-defg-gfede-egh-hf-gfed-hhfg-gf--fe---df--egff--fe---4,,,
,,Judaea et Jerusalem nolite,605019,4,,,F-Pn lat. 15181,3,140r,,,,feast_1765,genre_r,office_m,,,,Judaea et Jerusalem nolite timere cras egrediemini et dominus erit vobiscum,,1---f--dff--f---f---f--fe--de--eg-hd-ffe7---ce--ge-fed--ceg---g--fhhgh--e---de---g--e7--h--hj--h--h---hg---hhge-fed-fgh--gh--h7---hf-gfecd-dfgfe-de-eg-hhg-hgf-gfd-hhfg--gf---df--efg7--fe---4,,,
,,Judaea et Jerusalem nolite,605019,4,,,NL-Uu 406,,021r,,,,feast_1202,genre_r,office_v,,,,Judaea et Jerusalem nolite timere cras egrediemini et dominus erit vobiscum,,1---f--dee--e---f---f--fe--de--eggh-ddf---de--gff--dde---cegg-f--ghhg-h--e---3---de---g--e--h--hk--h--h---hg---hhgefed--fgghhg-gh--h---hhge-fdc-d-df-gfede-eghhg-hgfede-hhhf-g7--gfef---df--eefgef--fe---4,,,
,,Judaea et Jerusalem nolite,605019,4,,,PL-WRu R 503,,015r,,,,feast_1202,genre_r,office_v,,,,Judaea et Jerusalem nolite timere cras egrediemini et dominus erit vobiscum,,1---fe--df--f---f---f--fe--df--ef-ghd-ffe7---c-e--gfe--de-ce-fg---,,,
,,Judaea et Jerusalem*,003511,*,,,I-Ac 693,,016r,,,,feast_1765,genre_a,office_p,,,,Judaea et Jerusalem*,,1---6------6---3,,,
,,Judaea et Jerusalem*,003511,*,,,NL-Uu 406,,020v,,,,feast_1765,genre_a,office_p,,,,Judaea et Jerusalem*,,1---g--g--gfd---e---f---3,,,
,,Judaea et Jerusalem*,003511,,,,CZ-PLm 504 C 004,,009r,,,,feast_1765,genre_a,office_v,,,,Judaea et Jerusalem*,,1---g--g--g-f-e-d---f---f--gh--h--g---5,,,
,,Judaea et Jerusalem*,003511,8,,,NL-Uu 406,1,020v,,,,feast_1202,genre_a,office_v,,,,Judaea et Jerusalem*,,1---g--g--gfd---e---f--gh--h--g---4---g--h--k---k--k--k---3,,,
,,Judaea et Jerusalem*,605019,,,,CZ-PLm 504 C 004,,009v,,,,feast_1765,genre_r,office_v,,,,Judaea et Jerusalem*,,1---fe--de--e---7e---ef--e--df---3---egeffe---5,,,
,,Judaea et Jerusalem,605019,,,,CH-SG 545,2,047v,,,,feast_1202,genre_r,office_v,,,,Judaea et Jerusalem nolite timere cras egrediemini et dominus erit vobiscum,,1---efe--de--e---e---e--fe--df--e,,,
,,Levate capita vestra,003608,,,,CH-SG 545,4,047r,,,,feast_1202,genre_a,office_v,,,,Levate capita vestra ecce appropinquabit redemptio nostra,,1---d--c--d---ef--g--fe---d--d---f--h---g--h--gf--g--g---d--dc--f--e---d--d---3,,,
,,Magnificat anima mea dominum,g01598,8,,,I-Pc C55,,038v,,,,feast_0067,genre_ca,office_x,,,,Magnificat anima mea dominum | Et exsultavit spiritus meus in deo salutari meo | Quia respexit humilitatem ancillae suae ecce enim ex hoc beatam me dicent omnis generationes,,1---g--hgk--k--lk---k--k--k---j--k----h--h7--g---3---g---hg--gk--k--k---kj--kl--l---kl--k7---h---k--k---k--k--j--k---h--g---3---g--hg---gk--k7--k---k--k--k--k--k---kj--kl--l---kl--k---h--k---k7--k---k---k---k--k--j---h---k--k---k--k77---k--k--j--k--h--g7---3,,,
,,Magnificatus est rex pacificus super omnes ,003670,,,,CZ-Pn XII A 24,4,029r,,,,feast_1765,genre_a,office_v,,,,Magnificatus est rex pacificus super omnes reges universe terrae,,1---g--j--k--l--k---h---k---k--g--g--g---k--k---7jj--g---hk--j---k--kh--j--h---g--g---5,,,
,,O Juda et Jerusalem nolite ,003511,8,,,A-Wn 1799**,,016r,,,,feast_1765,genre_a,office_l,,,,O Juda et Jerusalem nolite timere cras egrediemini et dominus erit vobiscum alleluia,,1---g---g--gfd---e---f--gh--h--g---g--g--hj---g--ghgf--f---kkj---h--hl--k--j--h--g---g---gh--fe--d7---ef--gh---h--g--gfd---fe--fg--g--g---4---k--k--j--k--h--g---3,,,
,,O Juda et Jerusalem nolite ,003511,8,,,CDN-Hsmu M2149.L4,,030r,,,,feast_1765,genre_a,office_l,,,,O Juda et Jerusalem nolite timere cras egrediemini et dominus erit vobiscum alleluia,,1---g---g--gfd---e---f--gh--h--g---g--g--hj---g--ghgf--f7---kkj---h--hl--j--h--g---g---gh--fe--d---ef--gh---h--g--gfd77---fe--fg--g--g---4---k--k--j--k--h--g---34,,,
,,O Juda et Jerusalem nolite ,003511,8,,,D-KNd 1161,,016v,,,,feast_1765,genre_a,office_l,,,,O Juda et Jerusalem nolite timere cras egrediemini et dominus erit vobiscum alleluia,,1---g---g--gfd---e---f--gh--h--g---g--g--hj---h--ghgf--f---kkj---h--hl--k--j--h7--g---g---gh--fe--d---ef--gh---h--g--gfd---fe--fg--g--g---4---k--k--j--k--h--g---3,,,
,,O Juda et Jerusalem nolite ,605019,4T,,,A-Wn 1799**,,016v,,,,feast_1202,genre_r,office_v,,,,O Juda et Jerusalem nolite timere cras egrediemini et dominus erit vobiscum,,1---k---hkk--k---k---k--kj--hj--jlmhk-kj---gj--lj-kjhj--gjl---l--klmlm7--j---3---hj---k--h--m--mn--m--m---ml---mmlj-kjh-klm--lm--m---mmlk-lkjhgh-hklkjhj-jlm-ml-mlk-hm-mkl--lk-kj---hk--jlkk--kj77---4,,,
,,O Juda et Jerusalem nolite ,605019,4T,,,CDN-Hsmu M2149.L4,,031v,,,,feast_1202,genre_r,office_v,,,,O Juda et Jerusalem nolite timere cras egrediemini et dominus erit vobiscum,,1---k---hkk--k---k---k--kj--hj--jlmh7-kkj---gj--lj-kjh-j--jl---l--klm-mlm--j---3---hj---k--h--m--mn--m--m7---ml---mmlj-kjh-klm--lm--m---mmlk-lkjhgh-hklkjhj-jlm-mlmlk-hm-mkl7--lk-kj---hk--jlkk--kj---4,,,
,,O Juda et Jerusalem nolite ,605019,4T,,,D-KNd 1161,,017r,,,,feast_1202,genre_r,office_v,,,,O Juda et Jerusalem nolite timere cras egrediemini et dominus erit vobiscum,,1---k---hkk--k---k---k--kj--hj--jl-mh-kkj---gj--khjhgh--gjl---l--kl-mmlm--j---hj---k--h7--m--mn--m--m---ml---mlj-kjh-klm--lm--m---mmlk-lkjhgh-hklkj-hj-jlm-mlmlk-hm-mmkl77--lkk---hk--jklkl--kj---4,,,
,,Orietur sicut sol salvator mundi et ,004195,,,,A-VOR Cod. 259/I,,069r,,,,feast_1765,genre_a,office_v,,,,Orietur sicut sol salvator mundi et ,,1---g--gd--77fg--ghg---f--gh---h---f--h--hk---gh--7g---f---g--h--g---f---g--fe--d---f--7f--df---c--d---fg--gf---h--hk---hg--f---gh--h--g--g---4---k---k---kj---k---h---g---5,,,
,,Orietur sicut sol salvator mundi et ,004195,,,,CZ-HKm II A 4,,027v,,,,feast_1765,genre_a,office_v,,,,Orietur sicut sol salvator mundi et ,,1---g--gd--fg--ghg---f--gh---hjh---f--h--hk---gh--g---f---g--7h--g---f---g--fe--d---f--f--df---c--d---fg--gf---h--hk---7hg--f---gh--h--g--g---4---k---k---j---k---h---g---5,,,
,,Orietur sicut sol salvator mundi et ,004195,,,,CZ-OLu M IV 6,2,011r,,,,feast_1765,genre_a,office_l,,,,Orietur sicut sol salvator mundi et descendet in uterum virginis sicut ymber super gramen alleluia,,1---g--gd--fg--ghg---7f--ghg---h---f--h--k---gh--g---f---ghg--h--g---f---g--fe--d---7f--fe--d-e-f---c--d---fg--f---h--k---h--gf---gh--h--g--g---4---k---k---j---k---h---g---5,,,
,,Orietur sicut sol salvator mundi et ,004195,,,,CZ-Pu I D 20,1,014r,,,,feast_1765,genre_a,office_v,,,,Orietur sicut sol salvator mundi et descendet in uterum virginis sicut ymber super gramen alleluia,,1---g--gd--fg--ghg---f--ghg---h---f--h--k---gh--g---f---g--h--g---f---g--fe--d---f--f--fg---c--d---7fg--gf---h--k---hg--f---3gh--h--g--g---5,,,
,,Orietur sicut sol salvator mundi*,004195,,,,CZ-PLm 504 C 004,4,009v,,,,feast_1765,genre_a,office_v,,,,Orietur sicut sol salvator mundi*,,1---g--gd--fg--ghg---f--gh---7h---f--h--hk---gh--g---5,,,
,,Orietur sicut sol salvator noster et ,004195,,,,CZ-Pn XV A 10,,040v,,,,feast_1765,genre_a,office_v,,,,Orietur sicut sol salvator noster et ,,1---g--gd--fg--ghg---f--gh---h---f--h--hk---gh--g---f---7g--h--g---f---g--fe--d---f--f--df---c--d---fg--gf---h--hk---hg--f---gh--h--g--g---5,,,
,,Orietur sicut sol salvator,004195,*,,,CDN-Mlr 111,B,016,,,,feast_1765,genre_a,office_l,,,,Orietur sicut sol salvator mundi et descendet in uterum virginis sicut imber super gramen alleluia,,1---g--gd--fg--ghg777---3,,,
,,Orietur sicut sol salvator,004195,8,,,A-Wn 1799**,B,016r,,,,feast_1765,genre_a,office_l,,,,Orietur sicut sol salvator mundi et descendet in uterum virginis sicut imber super gramen alleluia,,1---g--gd--fg--gh-hg---f--ghg---h---f--h--kj---gh--g---f---g--h--g---f---g--fe--d---f7--f--df---c--d---fg--gf---h--hk---hg--f---gh--h--g--g---4---k--k--j--k--h--g---3,,,
,,Orietur sicut sol salvator,004195,8,,,CDN-Hsmu M2149.L4,B,030v,,,,feast_1765,genre_a,office_l,,,,Orietur sicut sol salvator mundi et descendet in uterum virginis sicut imber super gramen alleluia,,1---g--gd--fg--gh-hg---f--ghg---h---f--h--kj---gh--g---f---g--h7--g---f---g--fe--d---f--f--df---c--d---fg--gf---h--hk---jh7--f---gh--h--g--g---4---k--k--j--k--h--g---3,,,
,,Orietur sicut sol salvator,004195,8,,,CH-E 611,4,017r,,,,feast_1765,genre_a,office_v2,,,,Orietur sicut sol salvator mundi et descendet in uterum virginis sicut imber super gramen alleluia,,1---g--gd--fg--ghg---f--gh---h---f--h--hk---ghg--g---f---g--h--g---f---g--fe--d7---f--f--df---c--d---fg--gf---h--hkj---hg--f---gh--h--g--g---4---k--k--j--k--h--g---3,,,
,,Orietur sicut sol salvator,004195,8,,,CH-Fco 2,B,024r,,,,feast_1765,genre_a,office_l,,,,Orietur sicut sol salvator mundi et descendet in uterum virginis sicut imber super gramen alleluia,,1---g--gd--fg--ghg---f--ghg---h---f--h--k---gh--g---f---ghg--h--g---f---g--fe--d7---f--fe--def---c--d---fg--gf---h--k---hg--gf---fh--h--g--g---4---g--h--k---3---k--k--j--k--h--g7---3,,,
,,Orietur sicut sol salvator,004195,8,,,D-KA Aug. LX,,016r,,,,feast_1765,genre_a,office_n,,,,Orietur sicut sol salvator mundi et descendet in uterum virginis sicut imber super gramen alleluia,,1---g--gd--fg--ghg---f--ghg---h---f--h--hk---gh--g---f---g--h--g---f---g--fe--d---f--f--df---c--d---fg--gf---h--k7---hg--f---gh--h--g--g---4---k--k--j--kj--h--g---3,,,
,,Orietur sicut sol salvator,004195,8,,,D-KNd 1161,B,016v,,,,feast_1765,genre_a,office_l,,,,Orietur sicut sol salvator mundi et descendet in uterum virginis sicut imber super gramen alleluia,,1---g--gd--fg--gh-hg---f--gh-hg---h---f--h--kk---gh--g---f---g--h--g---f---g--fe--d---f7--f--df---c--d---fg--gf---h--hk---hg--f---gh--h--g--f---4---k--k--j--k--h--g7---3,,,
,,Orietur sicut sol salvator,004195,8,,,F-Pn lat. 12044,,007r,,,,feast_1765,genre_a,office_p,,,,Orietur sicut sol salvator mundi et descendet in uterum virginis sicut imber super gramen alleluia,,1---g--gfd--fg--ghgg---f--ghg---h---f--h--kj---ghg--g---f---g--h--g---f---g--fed--d---f--fed--df7---c--d---fg--gf---h--hk---hg--f---gh--h--g--g---4---k--k--j--k--h--g---3,,,
,,Orietur sicut sol salvator,004195,8,,,F-Pn lat. 15181,,138r,,,,feast_0444,genre_a,office_v2,,,,Orietur sicut sol salvator mundi et descendet in uterum virginis sicut imber super granum alleluia,,1---g--gfd-fg--gh-hg---f--gh---hjh---f--h7--kj---ghg--g---f---g--h--g---f---g7--fe--d---f--f--df---c--d---fg--gf77---h--hk---hg--f---gh--h--g--g---4---k--k--j--k--h--g7---3---g--h---k--k--k7---3,,,
,,Orietur sicut sol salvator,004195,8,,,F-Pn lat. 15181,M,467r,,,,feast_0067,genre_a,office_v,,,,Orietur sicut sol salvator mundi et descendet in uterum virginis sicut imber super gramen in aeternum,,1---g--gfdfg--ghg---f--ghg---hjh---f7--h--kj---gh--g---f---g--h--g7---f---g--fe--d---f--f--df---c--d7---fg--gf---h--k---hg--f---gh---h--g77--g---4---k--k--j--k--h--g---3---g--h--gk--k7---3,,,
,,Orietur sicut sol salvator,004195,8,,,NL-Uu 406,2,020v,,,,feast_1202,genre_a,office_v,,,,Orietur sicut sol salvator mundi et descendet in uterum virginis sicut imber super gramen alleluia,,1---g--gd--fg--ghhg---f--ghg---hh---f--h--hkj---ghg--g---f---g--hg--g---f---g--fe--d---f--f--dddf---c--d---fg--gf---h--hkj---hg--f---gh--h--g--g7---4---g--h--k---k--k--k---k--k---lk--h---3,,,
,,Orietur sicut sol salvator,004195,8,,,US-Cai 1911.142b,M,078r,,,,feast_0067,genre_a,office_v,,,,Orietur sicut sol salvator mundi et descendet in uterum virginis sicut imber super gramen,,1---g--gd--fg--ghg---f--ghg---hjh7---f--h--k---ghg--g---f---g--h--g---fe7---g--fe--d---fe--f--df---c--d---fg--gf7---h--kj---g--g---4---g--h--gk--k---3---k--k--j--k--h--g7---3,,,
,,Orietur sicut sol salvator,004195,8,,,US-Cai 1911.142b,M,089r,,,,feast_0070,genre_a,office_v,,,,Orietur sicut sol salvator mundi et descendet in uterum virginis sicut imber super gramen alleluia alleluia alleluia,,1---g--gd--fg--ghg---f--ghg---hjh---f--h--k7---ghg--g---f---g--hg--g---f---g--fe--d7---f--f--df---c--d---fg--gf---h--kj---g77--g---gf--fe--fgf-fe--dc---c--d--ed--f---gh--h--g--g7---4---g--h--gk--k--k---3---k--k--j--k--h--g---3,,,
,,Orietur sicut sol*,004195,8,,,F-Pn lat. 12044,2,065r,,,,feast_0067,genre_a,office_l,,,,Orietur sicut sol*,,1---g--gfd--fg--ghg---f--ghg---hijh---3,,,
,,Orietur*,004195,8,,,NL-Uu 406,2.3,061r,,,,feast_0067,genre_a,office_m,,,,Orietur*,,1---f--fc--df--eggf---3,,,
,,Rex pacificus magnificatus est cuius vultum ,004657,,,,CZ-Pn XII A 24,3,029r,,,,feast_1765,genre_a,office_v,,,,Rex pacificus magnificatus est cuius vultum desiderat universa terra,,1---g---fd--fe--fg--g---g--h--g--h--g---f---g--7gh---k--kj---h--k--h--g---fe--d--e--f---g--g---5,,,
,,Scitote quia prope est regnum dei ,004834,,,,CZ-Pn XII A 24,5,029r,,,,feast_1765,genre_a,office_v,,,,Scitote quia prope est regnum dei amen dico vobis quia non tardabit,,1---h--fg--7g---g--g---h--g---f---g--gh---f--f---fh--k---j--g---h--f---7gfe--d---e---f--g--g---5,,,
,,Scitote quia prope est,004834,,,,CH-SG 545,3,047r,,,,feast_1202,genre_a,office_v,,,,Scitote quia prope est regnum dei amen dico vobis quia non tardabit,,1---h--fg--g---g--g----gh--g----f---g--gh---f--f---fh--k---l--j---k--hg---gf--d---e---f--g--g---3,,,
,,Super te Ierusalem rex eterne misericordie ,006882Pzc,,,,CZ-Pu XVII E 1,1,027v,,,,feast_1765,genre_tp,office_v,,,,Super te Ierusalem rex eterne misericordie descendere Christus qui natus est cuius hodie lux magnifice,,1---f--f---h---f--h--g--f---h---f--g--7h---k--k--l--k--k--g---j--h--g--7h---f--g---j---h--g---h---f--7g---j--g--h---f---g--j--g--g-hj-h-g---5,,,
,,Veni redemptor gentium*,008408a,,,,F-Pn lat. 12044,,007v,,,,feast_1765,genre_h,office_v2,,,,Veni redemptor gentium*,,1---g--g---f--e--d---fhg--fg--g---3,,,
,,Veni redemptor gentium,008408a,,,,CDN-Hsmu M2149.L4,02,031v,,,,feast_1202,genre_h,office_v,,,,Veni redemptor gentium ostende partum virginis miretur omne saeculum talis decet partus deum,,1---g--g---f--e--d77---3,,,
,,Veni redemptor gentium,008408a,,,,F-Pn lat. 15181,,157r,,,,feast_0493,genre_h,office_l,,,,Veni redemptor gentium ostende partum virginis miretur omne saeculum talis decet partus deum,,1---g--g---f--e--d---fhg--fg--g---hkj7--h--g---h--jg---h--g--f---g7--g--f---g---h--k--g--hjh---h--h---g--fed777---f--hg---f--g7---3,,,
,,Veni redemptor gentium,008408a,,,,NL-Uu 406,,013v,,,,feast_0600,genre_h,office_v2,,,,Veni redemptor gentium ostende partum virginis miretur omne saeculum talis decet partus deum,,1---d--e---f--gf--f---hg--g--fe---d--e--f---gf--e---ijh--h--g---h--k--l---kj--g---h--g--fe---d--e---f--g---f--ij---h--g---3,,,
